"Time";"Angle 1.o/0/X";"Angle 1.o/0/Y";"Angle 1.a/0/X";"Angle 1.a/0/Y";"Angle 1.b/0/X";"Angle 1.b/0/Y";"Angle 1/o/X";"Angle 1/o/Y";"Angle 1/a/X";"Angle 1/a/Y";"Angle 1/b/X";"Angle 1/b/Y"
"7,066667";"153,9987";"-32,63867";"156,6271";"100,533";"-132,4955";"-30,01025";"153,9987";"-32,63867";"156,6271";"100,533";"-132,4955";"-30,01025"
"7,1";"153,9263";"-32,95367";"156,9839";"100,9751";"-131,9836";"-29,97894";"153,9263";"-32,95367";"156,9839";"100,9751";"-131,9836";"-29,97894"
"7,133333";"153,8598";"-32,97272";"157,5211";"100,6777";"-131,9625";"-29,98114";"153,8598";"-32,97272";"157,5211";"100,6777";"-131,9625";"-29,98114"
"7,166667";"153,8882";"-33,12903";"157,9049";"100,8417";"-131,9595";"-29,97913";"153,8882";"-33,12903";"157,9049";"100,8417";"-131,9595";"-29,97913"
"7,2";"154,0544";"-33,09052";"159,0414";"100,7089";"-131,884";"-29,98419";"154,0544";"-33,09052";"159,0414";"100,7089";"-131,884";"-29,98419"
"7,233333";"154,0565";"-33,07941";"161,0175";"99,94379";"-131,884";"-29,98553";"154,0565";"-33,07941";"161,0175";"99,94379";"-131,884";"-29,98553"
"7,266667";"154,168";"-33,08997";"163,5401";"98,91241";"-131,885";"-29,99365";"154,168";"-33,08997";"163,5401";"98,91241";"-131,885";"-29,99365"
"7,3";"154,1539";"-33,09937";"166,2368";"98,82709";"-131,873";"-29,99469";"154,1539";"-33,09937";"166,2368";"98,82709";"-131,873";"-29,99469"
"7,333333";"154,1862";"-33,06744";"168,9239";"97,9483";"-131,8725";"-29,99432";"154,1862";"-33,06744";"168,9239";"97,9483";"-131,8725";"-29,99432"
"7,366667";"154,0965";"-33,04858";"171,5461";"96,96509";"-131,873";"-29,99475";"154,0965";"-33,04858";"171,5461";"96,96509";"-131,873";"-29,99475"
"7,4";"154,085";"-33,03046";"174,0964";"96,54578";"-131,8727";"-29,995";"154,085";"-33,03046";"174,0964";"96,54578";"-131,8727";"-29,995"
"7,433333";"154,1955";"-33,10138";"177,1608";"95,21808";"-131,8666";"-29,99518";"154,1955";"-33,10138";"177,1608";"95,21808";"-131,8666";"-29,99518"
"7,466667";"154,4197";"-33,28857";"178,7277";"94,59802";"-131,6978";"-29,99847";"154,4197";"-33,28857";"178,7277";"94,59802";"-131,6978";"-29,99847"
"7,5";"154,6356";"-33,43768";"180,7434";"94,01276";"-131,6978";"-29,9986";"154,6356";"-33,43768";"180,7434";"94,01276";"-131,6978";"-29,9986"
"7,533333";"154,6012";"-33,56445";"181,4688";"94,08112";"-131,6974";"-29,99774";"154,6012";"-33,56445";"181,4688";"94,08112";"-131,6974";"-29,99774"
"7,566667";"154,6603";"-33,44189";"182,5935";"93,57184";"-131,6974";"-29,99774";"154,6603";"-33,44189";"182,5935";"93,57184";"-131,6974";"-29,99774"
"7,6";"154,7344";"-33,35382";"184,097";"93,26678";"-131,6994";"-29,99805";"154,7344";"-33,35382";"184,097";"93,26678";"-131,6994";"-29,99805"
"7,633333";"154,9153";"-33,34869";"184,9272";"92,66986";"-131,6611";"-29,99744";"154,9153";"-33,34869";"184,9272";"92,66986";"-131,6611";"-29,99744"
"7,666667";"154,8743";"-33,46844";"185,7852";"92,65448";"-131,6611";"-29,99744";"154,8743";"-33,46844";"185,7852";"92,65448";"-131,6611";"-29,99744"
"7,7";"154,8188";"-33,46808";"186,4555";"91,81671";"-131,6538";"-29,99243";"154,8188";"-33,46808";"186,4555";"91,81671";"-131,6538";"-29,99243"
"7,733333";"154,6517";"-33,4455";"186,7431";"91,1828";"-131,6569";"-29,98468";"154,6517";"-33,4455";"186,7431";"91,1828";"-131,6569";"-29,98468"
"7,766667";"154,6243";"-33,34167";"188,2471";"92,09259";"-131,6569";"-29,98468";"154,6243";"-33,34167";"188,2471";"92,09259";"-131,6569";"-29,98468"
"7,8";"154,6447";"-33,42029";"187,6967";"91,73236";"-131,6567";"-29,98474";"154,6447";"-33,42029";"187,6967";"91,73236";"-131,6567";"-29,98474"
"7,833333";"154,5364";"-33,4389";"187,5219";"92,95032";"-131,6552";"-29,98425";"154,5364";"-33,4389";"187,5219";"92,95032";"-131,6552";"-29,98425"
"7,866667";"154,323";"-33,26697";"187,2412";"93,28674";"-131,7825";"-29,96704";"154,323";"-33,26697";"187,2412";"93,28674";"-131,7825";"-29,96704"
"7,9";"154,1259";"-33,12463";"188,0123";"92,55304";"-131,7806";"-29,96619";"154,1259";"-33,12463";"188,0123";"92,55304";"-131,7806";"-29,96619"
"7,933333";"154,1054";"-33,12207";"188,5942";"94,19397";"-131,7818";"-29,96765";"154,1054";"-33,12207";"188,5942";"94,19397";"-131,7818";"-29,96765"
"7,966667";"154,1059";"-33,12372";"187,5469";"94,57159";"-131,7733";"-29,96729";"154,1059";"-33,12372";"187,5469";"94,57159";"-131,7733";"-29,96729"
"8";"154,1135";"-33,25751";"190,1152";"92,68231";"-131,7467";"-29,97644";"154,1135";"-33,25751";"190,1152";"92,68231";"-131,7467";"-29,97644"
"8,033334";"154,1924";"-33,2984";"188,3871";"92,97668";"-131,7422";"-29,98596";"154,1924";"-33,2984";"188,3871";"92,97668";"-131,7422";"-29,98596"
"8,066667";"154,1527";"-33,28149";"188,1129";"93,01715";"-131,7473";"-29,97638";"154,1527";"-33,28149";"188,1129";"93,01715";"-131,7473";"-29,97638"
"8,1";"154,115";"-33,30237";"188,4894";"93,00854";"-131,7473";"-29,97638";"154,115";"-33,30237";"188,4894";"93,00854";"-131,7473";"-29,97638"
"8,133333";"154,1212";"-33,30176";"189,0087";"93,02374";"-131,747";"-29,97552";"154,1212";"-33,30176";"189,0087";"93,02374";"-131,747";"-29,97552"
"8,166667";"154,2549";"-33,40289";"188,9952";"93,02344";"-131,7516";"-29,99854";"154,2549";"-33,40289";"188,9952";"93,02344";"-131,7516";"-29,99854"
"8,2";"155,344";"-33,25873";"188,821";"93,03235";"-131,7548";"-30,09351";"155,344";"-33,25873";"188,821";"93,03235";"-131,7548";"-30,09351"
"8,233334";"156,0817";"-33,34082";"188,401";"93,00995";"-131,7548";"-30,09351";"156,0817";"-33,34082";"188,401";"93,00995";"-131,7548";"-30,09351"
"8,266666";"155,2609";"-33,62286";"188,0979";"93,02924";"-131,7548";"-30,09351";"155,2609";"-33,62286";"188,0979";"93,02924";"-131,7548";"-30,09351"
"8,3";"155,0109";"-33,97937";"187,5362";"93,05707";"-131,7544";"-30,09387";"155,0109";"-33,97937";"187,5362";"93,05707";"-131,7544";"-30,09387"
"8,333333";"156,3278";"-33,99316";"186,9619";"93,00018";"-131,7186";"-30,0448";"156,3278";"-33,99316";"186,9619";"93,00018";"-131,7186";"-30,0448"
"8,366667";"155,1445";"-33,2005";"185,6989";"93,04614";"-131,7215";"-30,03925";"155,1445";"-33,2005";"185,6989";"93,04614";"-131,7215";"-30,03925"
"8,4";"154,465";"-33,27301";"184,946";"93,04425";"-131,7219";"-30,03857";"154,465";"-33,27301";"184,946";"93,04425";"-131,7219";"-30,03857"
"8,433333";"154,5205";"-32,95117";"183,9917";"93,05365";"-131,7665";"-29,99707";"154,5205";"-32,95117";"183,9917";"93,05365";"-131,7665";"-29,99707"
"8,466666";"154,5435";"-32,99548";"183,2015";"93,0459";"-131,7653";"-29,98859";"154,5435";"-32,99548";"183,2015";"93,0459";"-131,7653";"-29,98859"
"8,5";"154,6339";"-33,01868";"182,7493";"93,05817";"-131,7692";"-29,95898";"154,6339";"-33,01868";"182,7493";"93,05817";"-131,7692";"-29,95898"
"8,533334";"154,6306";"-33,02698";"182,2619";"93,03656";"-131,7691";"-29,95306";"154,6306";"-33,02698";"182,2619";"93,03656";"-131,7691";"-29,95306"
"8,566667";"154,7004";"-33,04901";"182,1629";"93,04187";"-131,7739";"-29,94305";"154,7004";"-33,04901";"182,1629";"93,04187";"-131,7739";"-29,94305"
"8,6";"154,711";"-33,04926";"182,2743";"93,04443";"-131,7551";"-29,92548";"154,711";"-33,04926";"182,2743";"93,04443";"-131,7551";"-29,92548"
"8,633333";"154,6947";"-33,05994";"182,2704";"93,04407";"-131,7643";"-29,91138";"154,6947";"-33,05994";"182,2704";"93,04407";"-131,7643";"-29,91138"
"8,666667";"154,6697";"-33,06482";"182,0179";"93,04883";"-131,7628";"-29,90826";"154,6697";"-33,06482";"182,0179";"93,04883";"-131,7628";"-29,90826"
"8,7";"154,783";"-33,29559";"181,5625";"93,0545";"-131,7692";"-29,883";"154,783";"-33,29559";"181,5625";"93,0545";"-131,7692";"-29,883"
"8,733334";"154,987";"-33,37683";"181,274";"93,04602";"-131,5317";"-29,8855";"154,987";"-33,37683";"181,274";"93,04602";"-131,5317";"-29,8855"
"8,766666";"154,6572";"-33,51556";"180,9078";"93,04785";"-131,3954";"-29,87665";"154,6572";"-33,51556";"180,9078";"93,04785";"-131,3954";"-29,87665"
"8,8";"154,5612";"-33,60248";"180,3408";"93,04651";"-131,4046";"-29,87128";"154,5612";"-33,60248";"180,3408";"93,04651";"-131,4046";"-29,87128"
"8,833333";"153,9696";"-33,96649";"180,1578";"93,04474";"-131,4055";"-29,87177";"153,9696";"-33,96649";"180,1578";"93,04474";"-131,4055";"-29,87177"
"8,866667";"153,4734";"-34,34552";"180,208";"93,03583";"-131,6795";"-29,89648";"153,4734";"-34,34552";"180,208";"93,03583";"-131,6795";"-29,89648"
"8,9";"152,6154";"-34,05438";"180,0615";"93,03918";"-131,678";"-29,89484";"152,6154";"-34,05438";"180,0615";"93,03918";"-131,678";"-29,89484"
"8,933333";"152,861";"-33,82605";"179,8437";"93,04407";"-131,674";"-29,93134";"152,861";"-33,82605";"179,8437";"93,04407";"-131,674";"-29,93134"
"8,966666";"152,938";"-33,63458";"179,8292";"93,04272";"-131,6921";"-29,95819";"152,938";"-33,63458";"179,8292";"93,04272";"-131,6921";"-29,95819"
"9";"152,9722";"-33,73071";"180,0176";"93,06049";"-131,7584";"-29,96411";"152,9722";"-33,73071";"180,0176";"93,06049";"-131,7584";"-29,96411"
"9,033334";"152,9836";"-33,91901";"180,3522";"93,04675";"-131,7648";"-29,97626";"152,9836";"-33,91901";"180,3522";"93,04675";"-131,7648";"-29,97626"
"9,066667";"152,4323";"-34,23474";"180,9368";"93,04755";"-131,7631";"-29,9953";"152,4323";"-34,23474";"180,9368";"93,04755";"-131,7631";"-29,9953"
"9,1";"152,9021";"-34,21094";"181,7076";"93,03589";"-131,767";"-29,99475";"152,9021";"-34,21094";"181,7076";"93,03589";"-131,767";"-29,99475"
"9,133333";"152,7996";"-34,00067";"182,129";"92,9978";"-131,7703";"-30,00897";"152,7996";"-34,00067";"182,129";"92,9978";"-131,7703";"-30,00897"
"9,166667";"152,6245";"-33,9248";"182,3556";"92,9881";"-131,935";"-30,0199";"152,6245";"-33,9248";"182,3556";"92,9881";"-131,935";"-30,0199"
"9,2";"152,6185";"-33,90302";"182,6373";"92,97632";"-131,9505";"-29,99817";"152,6185";"-33,90302";"182,6373";"92,97632";"-131,9505";"-29,99817"
"9,233334";"152,6007";"-33,91492";"182,8804";"92,94958";"-131,9465";"-30,0116";"152,6007";"-33,91492";"182,8804";"92,94958";"-131,9465";"-30,0116"
"9,266666";"152,5984";"-33,93542";"183,364";"92,93237";"-131,9508";"-30,02661";"152,5984";"-33,93542";"183,364";"92,93237";"-131,9508";"-30,02661"
"9,3";"152,6391";"-33,99689";"183,8994";"92,9292";"-131,9294";"-30,0307";"152,6391";"-33,99689";"183,8994";"92,9292";"-131,9294";"-30,0307"
"9,333333";"152,5773";"-33,95605";"184,7165";"92,92401";"-131,9294";"-30,03064";"152,5773";"-33,95605";"184,7165";"92,92401";"-131,9294";"-30,03064"
"9,366667";"152,6094";"-34,06921";"185,7995";"92,90442";"-131,9232";"-30,00513";"152,6094";"-34,06921";"185,7995";"92,90442";"-131,9232";"-30,00513"
"9,4";"152,9627";"-34,19287";"186,6433";"92,909";"-131,9236";"-30,00507";"152,9627";"-34,19287";"186,6433";"92,909";"-131,9236";"-30,00507"
"9,433333";"153,0269";"-34,17542";"186,3906";"92,88641";"-131,9208";"-29,99561";"153,0269";"-34,17542";"186,3906";"92,88641";"-131,9208";"-29,99561"
"9,466666";"152,7839";"-33,94727";"185,4518";"92,90442";"-131,9184";"-29,99609";"152,7839";"-33,94727";"185,4518";"92,90442";"-131,9184";"-29,99609"
"9,5";"152,6932";"-33,91193";"184,6631";"92,93634";"-131,861";"-29,9881";"152,6932";"-33,91193";"184,6631";"92,93634";"-131,861";"-29,9881"
"9,533334";"153,1063";"-33,84265";"183,4091";"92,92529";"-131,7284";"-30,00836";"153,1063";"-33,84265";"183,4091";"92,92529";"-131,7284";"-30,00836"
"9,566667";"153,2976";"-33,96576";"182,3151";"92,92444";"-131,7036";"-29,9978";"153,2976";"-33,96576";"182,3151";"92,92444";"-131,7036";"-29,9978"
"9,6";"153,3139";"-34,13397";"181,1078";"92,93787";"-131,6674";"-30,00281";"153,3139";"-34,13397";"181,1078";"92,93787";"-131,6674";"-30,00281"
"9,633333";"153,1993";"-34,08453";"179,9633";"92,95343";"-131,6671";"-30,00262";"153,1993";"-34,08453";"179,9633";"92,95343";"-131,6671";"-30,00262"
"9,666667";"153,1971";"-34,12201";"178,9387";"92,96222";"-131,6872";"-29,99445";"153,1971";"-34,12201";"178,9387";"92,96222";"-131,6872";"-29,99445"
"9,7";"153,1473";"-34,05615";"178,2466";"92,95844";"-131,6818";"-29,98083";"153,1473";"-34,05615";"178,2466";"92,95844";"-131,6818";"-29,98083"
"9,733334";"153,1819";"-34,03088";"177,49";"92,96381";"-131,6764";"-29,96436";"153,1819";"-34,03088";"177,49";"92,96381";"-131,6764";"-29,96436"
"9,766666";"153,2885";"-34,07953";"176,3553";"92,96259";"-131,5144";"-29,96008";"153,2885";"-34,07953";"176,3553";"92,96259";"-131,5144";"-29,96008"
"9,8";"153,3347";"-34,05768";"174,8882";"92,99133";"-131,5154";"-29,96027";"153,3347";"-34,05768";"174,8882";"92,99133";"-131,5154";"-29,96027"
"9,833333";"153,2283";"-34,00403";"173,2053";"92,99854";"-131,5132";"-29,95844";"153,2283";"-34,00403";"173,2053";"92,99854";"-131,5132";"-29,95844"
"9,866667";"153,1817";"-34,00067";"171,4605";"93,00153";"-131,4198";"-29,97388";"153,1817";"-34,00067";"171,4605";"93,00153";"-131,4198";"-29,97388"
"9,9";"153,2148";"-33,9837";"169,824";"93,01874";"-131,4345";"-29,96014";"153,2148";"-33,9837";"169,824";"93,01874";"-131,4345";"-29,96014"
"9,933333";"153,2137";"-33,97406";"168,4408";"93,03595";"-131,3918";"-29,96997";"153,2137";"-33,97406";"168,4408";"93,03595";"-131,3918";"-29,96997"
"9,966666";"155,7714";"-34,32397";"161,8232";"93,87555";"-131,4019";"-29,9751";"155,7714";"-34,32397";"161,8232";"93,87555";"-131,4019";"-29,9751"
"10";"156,8041";"-33,5592";"158,6633";"94,77478";"-131,6676";"-29,99872";"156,8041";"-33,5592";"158,6633";"94,77478";"-131,6676";"-29,99872"
"10,03333";"156,7667";"-33,67053";"157,3174";"95,15851";"-131,6542";"-30,00653";"156,7667";"-33,67053";"157,3174";"95,15851";"-131,6542";"-30,00653"
"10,06667";"156,6727";"-33,35187";"158,1546";"95,47107";"-131,6594";"-30,01007";"156,6727";"-33,35187";"158,1546";"95,47107";"-131,6594";"-30,01007"
"10,1";"156,5229";"-33,10602";"159,2081";"95,67261";"-131,8524";"-29,96381";"156,5229";"-33,10602";"159,2081";"95,67261";"-131,8524";"-29,96381"
"10,13333";"156,1233";"-33,10272";"158,4128";"96,03607";"-132,0067";"-29,95667";"156,1233";"-33,10272";"158,4128";"96,03607";"-132,0067";"-29,95667"
"10,16667";"156,2513";"-33,26685";"159,1423";"95,92291";"-132,0695";"-29,93268";"156,2513";"-33,26685";"159,1423";"95,92291";"-132,0695";"-29,93268"